1,Test Project 1,Test Project 1,2023-12-11 03:34:06.428
2,Test Project 2,Test Project 2,2023-12-11 03:34:13.583
3,Test Project 3,Test Project 3,2023-12-11 03:34:20.272
5,project 5,project 5 description,2023-12-11 04:36:34.7
6,Task Project 6,Task Project 6 created,2023-12-11 07:13:09.771
7,Task Project 6,Task Project 6 created,2023-12-11 07:50:15.632
8,Task Project 8,Task Project 8 created,2023-12-11 08:08:25.74
9,Task Project 4,Project 4 created,2023-12-11 08:11:03.791
10,Task Project 4,Project 4 created,2023-12-11 08:11:11.039
11,Task Project 4,Project 4 created,2023-12-11 08:11:43.075
12,Task Project 7,Building Kanban,2023-12-11 19:20:38.611
